
DROP TABLE TEAM;
DROP TABLE CLAIM;
DROP TABLE CLAIM_TYPE;
DROP TABLE CLIENT;
DROP TABLE CLIENTS_CLIENT;
DROP TABLE CONTRACT;
DROP TABLE FILE;
DROP TABLE GEAR;
DROP TABLE GEAR_CLAIM;
DROP TABLE GEAR_TYPE;
DROP TABLE LIABILITY;
DROP TABLE LIABILITY_CLAIM;
DROP TABLE MONTHLY_PAYMENT;
DROP TABLE OCCUPATION;
DROP TABLE POLICY_PRODUCT;
DROP TABLE PRODUCT;
DROP TABLE REPAIR_SERVICE;
DROP TABLE SICK_DAY_CLAIM;
DROP TABLE SICKNESS_INSURANCE;
CREATE TABLE TEAM (
		ID_team INTEGER NOT NULL PRIMARY KEY GENERATED BY DEFAULT AS IDENTITY,
  	team_name VARCHAR(256),
  	team_key INTEGER NOT NULL
	)
	DATA CAPTURE NONE 
	COMPRESS NO
	ORGANIZE BY ROW;

CREATE TABLE CLAIM_TYPE (
		ID_claim_type INTEGER NOT NULL PRIMARY KEY GENERATED BY DEFAULT AS IDENTITY, 
		claim_type VARCHAR(265),
  	ID_team INTEGER NOT NULL
	)
	DATA CAPTURE NONE 
	COMPRESS NO
	ORGANIZE BY ROW;

CREATE TABLE CLIENT (
		ID_client INTEGER NOT NULL PRIMARY KEY GENERATED BY DEFAULT AS IDENTITY, 
		email VARCHAR(265), 
		name VARCHAR(265), 
		surname VARCHAR(265), 
		birth_date DATE, 
		is_fulltime INTEGER, 
		y_of_experience INTEGER, 
		annual_income INTEGER, 
		addressL1 VARCHAR(265), 
		addressL2 VARCHAR(265), 
		post VARCHAR(265), 
		city VARCHAR(265), 
		country VARCHAR(265), 
		password VARCHAR(265), 
		card_number VARCHAR(265), 
		ccv VARCHAR(265), 
		ID_occupation INTEGER,
  		ID_team INTEGER NOT NULL
	)
	DATA CAPTURE NONE 
	COMPRESS NO
	ORGANIZE BY ROW;
	
CREATE TABLE CLIENTS_CLIENT (
		ID_clients_client INTEGER NOT NULL PRIMARY KEY GENERATED BY DEFAULT AS IDENTITY, 
		name VARCHAR(265), 
		tax_id VARCHAR(50), 
		risk_contract_percent DOUBLE,
  		ID_team INTEGER NOT NULL)
  	
	DATA CAPTURE NONE 
	COMPRESS NO
	ORGANIZE BY ROW;
	
CREATE TABLE CONTRACT (
		ID_contract INTEGER NOT NULL PRIMARY KEY GENERATED BY DEFAULT AS IDENTITY, 
		contract_value DOUBLE, 
		payment_due_to DATE, 
 		is_paid INTEGER, 
		claim_is_valid INTEGER,
		claim_value DOUBLE,
		claim_date DATE,
		return_account_number VARCHAR(100),
		ID_policy_product INTEGER NOT NULL, 
		ID_clients_client INTEGER, 
  		ID_team INTEGER NOT NULL
	)
	DATA CAPTURE NONE 
	COMPRESS NO
	ORGANIZE BY ROW;

CREATE TABLE FILE (
		ID_file INTEGER NOT NULL PRIMARY KEY GENERATED BY DEFAULT AS IDENTITY, 
		path VARCHAR(265), 
		ID_contract INTEGER,
	    ID_gear INTEGER,
	    ID_gear_claim INTEGER,
	    ID_sick_day_claim INTEGER,
	    ID_liability_claim INTEGER,
	  	ID_team INTEGER NOT NULL
	)
	DATA CAPTURE NONE 
	COMPRESS NO
	ORGANIZE BY ROW;

CREATE TABLE GEAR (
    	ID_gear INTEGER NOT NULL PRIMARY KEY GENERATED BY DEFAULT AS IDENTITY,
		gear_value DECIMAL(20, 2), 
		date_of_purchase DATE, 
		premium_price DOUBLE, 
		ID_policy_product INTEGER NOT NULL, 
		ID_gear_type INTEGER,
  		ID_team INTEGER NOT NULL
	)
	DATA CAPTURE NONE 
	COMPRESS NO
	ORGANIZE BY ROW;


CREATE TABLE GEAR_CLAIM (
		ID_gear_claim INTEGER NOT NULL PRIMARY KEY GENERATED BY DEFAULT AS IDENTITY, 
		event_date DATE, 
		event_description VARCHAR(500),
		claim_is_valid INTEGER,
		claim_value DOUBLE,
		claim_date DATE,
		return_account_number VARCHAR(100),
		ID_repair_service INTEGER, 
		ID_claim_type INTEGER, 
		ID_gear INTEGER NOT NULL,
  		ID_team INTEGER NOT NULL
	)
	DATA CAPTURE NONE 
	COMPRESS NO
	ORGANIZE BY ROW;

CREATE TABLE GEAR_TYPE (
		ID_gear_type INTEGER NOT NULL PRIMARY KEY GENERATED BY DEFAULT AS IDENTITY, 
		gear_type VARCHAR(265),
  		ID_team INTEGER NOT NULL
	)
	DATA CAPTURE NONE 
	COMPRESS NO
	ORGANIZE BY ROW;

CREATE TABLE LIABILITY (
		ID_liability INTEGER NOT NULL PRIMARY KEY GENERATED BY DEFAULT AS IDENTITY, 
		premium_price DOUBLE, 
		max_claim_value DOUBLE, 
		ID_policy_product INTEGER NOT NULL,
  		ID_team INTEGER NOT NULL
	)
	DATA CAPTURE NONE 
	COMPRESS NO
	ORGANIZE BY ROW;

CREATE TABLE LIABILITY_CLAIM (
		ID_liability_claim INTEGER NOT NULL PRIMARY KEY GENERATED BY DEFAULT AS IDENTITY, 
		description VARCHAR(500),
		claim_is_valid INTEGER,
		claim_value DOUBLE,
		claim_date DATE,
		return_account_number VARCHAR(100),
		ID_liability INTEGER NOT NULL, 
  		ID_team INTEGER NOT NULL
	)
	DATA CAPTURE NONE 
	COMPRESS NO
	ORGANIZE BY ROW;

CREATE TABLE MONTHLY_PAYMENT (
		ID_payment INTEGER NOT NULL PRIMARY KEY GENERATED BY DEFAULT AS IDENTITY, 
		payment_value DOUBLE, 
		payment_date DATE, 
		ID_client INTEGER NOT NULL,
  		ID_team INTEGER NOT NULL
	)
	DATA CAPTURE NONE 
	COMPRESS NO
	ORGANIZE BY ROW;
	

CREATE TABLE OCCUPATION (
		ID_occupation INTEGER NOT NULL PRIMARY KEY GENERATED BY DEFAULT AS IDENTITY, 
		occupation VARCHAR(265),
  	ID_team INTEGER NOT NULL
	)
	DATA CAPTURE NONE 
	COMPRESS NO
	ORGANIZE BY ROW;

CREATE TABLE POLICY_PRODUCT (
		ID_policy_product INTEGER NOT NULL PRIMARY KEY GENERATED BY DEFAULT AS IDENTITY, 
		ID_client INTEGER NOT NULL, 
		ID_product INTEGER NOT NULL, 
		date_from DATE, 
		date_to DATE,
  		ID_team INTEGER NOT NULL
	)
	DATA CAPTURE NONE 
	COMPRESS NO
	ORGANIZE BY ROW;

CREATE TABLE PRODUCT (
		ID_product INTEGER NOT NULL PRIMARY KEY GENERATED BY DEFAULT AS IDENTITY, 
		product VARCHAR(265)
	)
	DATA CAPTURE NONE 
	COMPRESS NO
	ORGANIZE BY ROW;

CREATE TABLE REPAIR_SERVICE (
		ID_repair_service INTEGER NOT NULL PRIMARY KEY GENERATED BY DEFAULT AS IDENTITY, 
		name VARCHAR(265), 
		address VARCHAR(265), 
		ID_gear_type INTEGER,
  		ID_team INTEGER NOT NULL
	)
	DATA CAPTURE NONE 
	COMPRESS NO
	ORGANIZE BY ROW;

CREATE TABLE SICK_DAY_CLAIM (
		ID_sick_day_claim INTEGER NOT NULL PRIMARY KEY GENERATED BY DEFAULT AS IDENTITY,
  		date_from DATE, 
		date_to DATE, 
		claim_is_valid INTEGER,
		claim_value DOUBLE,
		claim_date DATE,
		return_account_number VARCHAR(100),
		ID_sickness_insurance INTEGER NOT NULL, 
  		ID_team INTEGER NOT NULL
	)
	DATA CAPTURE NONE 
	COMPRESS NO
	ORGANIZE BY ROW;

CREATE TABLE SICKNESS_INSURANCE (
		ID_sickness_insurance INTEGER NOT NULL PRIMARY KEY GENERATED BY DEFAULT AS IDENTITY, 
		premium_price DOUBLE, 
		daily_compensation DOUBLE, 
		ID_policy_product INTEGER NOT NULL,
  		ID_team INTEGER NOT NULL
	)
	DATA CAPTURE NONE 
	COMPRESS NO
	ORGANIZE BY ROW;
  
  
--  -----------------------------FOREIN KEY CREATION---------------------------------

ALTER TABLE CLIENT ADD CONSTRAINT clien_occupatio_FK FOREIGN KEY
	(ID_occupation)
	REFERENCES OCCUPATION
	(ID_occupation)
	ON DELETE CASCADE;
	
ALTER TABLE CLIENT ADD CONSTRAINT clien_team_FK FOREIGN KEY
	(ID_team)
	REFERENCES TEAM
	(ID_team)
	ON DELETE CASCADE;
	
ALTER TABLE CONTRACT ADD CONSTRAINT contra_pol_porod_FK FOREIGN KEY
	(ID_policy_product)
	REFERENCES POLICY_PRODUCT
	(ID_policy_product)
	ON DELETE CASCADE;
	
ALTER TABLE CONTRACT ADD CONSTRAINT contra_clients_cl_FK FOREIGN KEY
	(ID_clients_client)
	REFERENCES CLIENTS_CLIENT
	(ID_clients_client)
	ON DELETE CASCADE;
	
ALTER TABLE CONTRACT ADD CONSTRAINT contract_team_FK FOREIGN KEY
	(ID_team)
	REFERENCES TEAM
	(ID_team)
	ON DELETE CASCADE;
	
ALTER TABLE CLIENTS_CLIENT ADD CONSTRAINT clients_cl_team_FK FOREIGN KEY
	(ID_team)
	REFERENCES TEAM
	(ID_team)
	ON DELETE CASCADE;

ALTER TABLE FILE ADD CONSTRAINT file_contract__FK FOREIGN KEY
	(ID_contract)
	REFERENCES CONTRACT
	(ID_contract)
	ON DELETE CASCADE;
  
ALTER TABLE FILE ADD CONSTRAINT file_gear__FK FOREIGN KEY
	(ID_gear)
	REFERENCES GEAR
	(ID_gear)
	ON DELETE CASCADE;
  
ALTER TABLE FILE ADD CONSTRAINT file_gear_claim__FK FOREIGN KEY
	(ID_gear_claim)
	REFERENCES GEAR_CLAIM
	(ID_gear_claim)
	ON DELETE CASCADE;
  
ALTER TABLE FILE ADD CONSTRAINT file_sick_day_claim__FK FOREIGN KEY
	(ID_sick_day_claim)
	REFERENCES SICK_DAY_CLAIM
	(ID_sick_day_claim)
	ON DELETE CASCADE;
  
ALTER TABLE FILE ADD CONSTRAINT file_liability__FK FOREIGN KEY
	(ID_liability_claim)
	REFERENCES LIABILITY_CLAIM
	(ID_liability_claim)
	ON DELETE CASCADE;

ALTER TABLE FILE ADD CONSTRAINT file_team_FK FOREIGN KEY
	(ID_team)
	REFERENCES TEAM
	(ID_team)
	ON DELETE CASCADE;

ALTER TABLE GEAR ADD CONSTRAINT gear_gear_type_FK FOREIGN KEY
	(ID_gear_type)
	REFERENCES GEAR_TYPE
	(ID_gear_type)
	ON DELETE CASCADE;
	
ALTER TABLE GEAR ADD CONSTRAINT gear_policies_p_FK FOREIGN KEY
	(ID_policy_product)
	REFERENCES POLICY_PRODUCT
	(ID_policy_product)
	ON DELETE CASCADE;

ALTER TABLE GEAR ADD CONSTRAINT gear_team_FK FOREIGN KEY
	(ID_team)
	REFERENCES TEAM
	(ID_team)
	ON DELETE CASCADE;
  
ALTER TABLE GEAR_CLAIM ADD CONSTRAINT gear_repair_se_FK FOREIGN KEY
	(ID_repair_service)
	REFERENCES REPAIR_SERVICE
	(ID_repair_service)
	ON DELETE CASCADE;

ALTER TABLE GEAR_CLAIM ADD CONSTRAINT gear_c_claim_t_FK FOREIGN KEY
	(ID_claim_type)
	REFERENCES CLAIM_TYPE
	(ID_claim_type)
	ON DELETE CASCADE;

ALTER TABLE GEAR_CLAIM ADD CONSTRAINT gear_claim_ge_FK FOREIGN KEY
	(ID_gear)
	REFERENCES GEAR
	(ID_gear)
	ON DELETE CASCADE;
  
ALTER TABLE GEAR_CLAIM ADD CONSTRAINT gear_claim_team_FK FOREIGN KEY
	(ID_team)
	REFERENCES TEAM
	(ID_team)
	ON DELETE CASCADE;
	
ALTER TABLE GEAR_TYPE ADD CONSTRAINT gear_type_team_FK FOREIGN KEY
	(ID_team)
	REFERENCES TEAM
	(ID_team)
	ON DELETE CASCADE;

ALTER TABLE LIABILITY ADD CONSTRAINT liab_policies_p_FK FOREIGN KEY
	(ID_policy_product)
	REFERENCES POLICY_PRODUCT
	(ID_policy_product)
	ON DELETE CASCADE;

ALTER TABLE LIABILITY ADD CONSTRAINT liability_team_FK FOREIGN KEY
	(ID_team)
	REFERENCES TEAM
	(ID_team)
	ON DELETE CASCADE;

ALTER TABLE LIABILITY_CLAIM ADD CONSTRAINT liability__liab_FK FOREIGN KEY
	(ID_liability)
	REFERENCES LIABILITY
	(ID_liability)
	ON DELETE CASCADE;
	
	
ALTER TABLE LIABILITY_CLAIM ADD CONSTRAINT liability_cl_team_FK FOREIGN KEY
	(ID_team)
	REFERENCES TEAM
	(ID_team)
	ON DELETE CASCADE;


ALTER TABLE MONTHLY_PAYMENT ADD CONSTRAINT monthly_pa_client_FK FOREIGN KEY
	(ID_client)
	REFERENCES CLIENT
	(ID_client)
	ON DELETE CASCADE;
	
	
ALTER TABLE MONTHLY_PAYMENT ADD CONSTRAINT monthly_pa_team_FK FOREIGN KEY
	(ID_team)
	REFERENCES TEAM
	(ID_team)
	ON DELETE CASCADE;

	
ALTER TABLE OCCUPATION ADD CONSTRAINT occupation_team_FK FOREIGN KEY
	(ID_team)
	REFERENCES TEAM
	(ID_team)
	ON DELETE CASCADE;
	
ALTER TABLE POLICY_PRODUCT ADD CONSTRAINT policies_p_client_FK FOREIGN KEY
	(ID_client)
	REFERENCES CLIENT
	(ID_client)
	ON DELETE CASCADE;

ALTER TABLE POLICY_PRODUCT ADD CONSTRAINT policies_p_prod_FK FOREIGN KEY
	(ID_product)
	REFERENCES PRODUCT
	(ID_product)
	ON DELETE CASCADE;

ALTER TABLE POLICY_PRODUCT ADD CONSTRAINT policy_prod_team_FK FOREIGN KEY
	(ID_team)
	REFERENCES TEAM
	(ID_team)
	ON DELETE CASCADE;
	
ALTER TABLE REPAIR_SERVICE ADD CONSTRAINT repair_service_gear_type_FK FOREIGN KEY
	(ID_gear_type)
	REFERENCES GEAR_TYPE
	(ID_gear_type)
	ON DELETE CASCADE;
	
ALTER TABLE REPAIR_SERVICE ADD CONSTRAINT repair_serv_team_FK FOREIGN KEY
	(ID_team)
	REFERENCES TEAM
	(ID_team)
	ON DELETE CASCADE;

ALTER TABLE SICK_DAY_CLAIM ADD CONSTRAINT sick_sickness_i_FK FOREIGN KEY
	(ID_sickness_insurance)
	REFERENCES SICKNESS_INSURANCE
	(ID_sickness_insurance)
	ON DELETE CASCADE;

ALTER TABLE SICK_DAY_CLAIM ADD CONSTRAINT sick_team_FK FOREIGN KEY
	(ID_team)
	REFERENCES TEAM
	(ID_team)
	ON DELETE CASCADE;

ALTER TABLE SICKNESS_INSURANCE ADD CONSTRAINT sickness_polici_FK FOREIGN KEY
	(ID_policy_product)
	REFERENCES POLICY_PRODUCT
	(ID_policy_product)
	ON DELETE CASCADE;

ALTER TABLE SICKNESS_INSURANCE ADD CONSTRAINT sick_ins_team_FK FOREIGN KEY
	(ID_team)
	REFERENCES TEAM
	(ID_team)
	ON DELETE CASCADE;
	
	
INSERT INTO PRODUCT (ID_product, product) VALUES (1,'Contracts product');
INSERT INTO PRODUCT (ID_product, product) VALUES (2,'Sick days product');
INSERT INTO PRODUCT (ID_product, product) VALUES (3,'Gear product');
INSERT INTO PRODUCT (ID_product, product) VALUES (4,'Liability product');


INSERT INTO CLAIM_TYPE (ID_claim_type, claim_type, ID_team) VALUES (1,'Damaged', 1);
INSERT INTO CLAIM_TYPE (ID_claim_type, claim_type, ID_team) VALUES (2,'Broken', 1);
INSERT INTO CLAIM_TYPE (ID_claim_type, claim_type, ID_team) VALUES (3,'Stolen', 1);
INSERT INTO CLAIM_TYPE (ID_claim_type, claim_type, ID_team) VALUES (4,'Unrepearable', 1);

INSERT INTO TEAM(ID_TEAM, TEAM_KEY) VALUES(	1,	88987191);
INSERT INTO TEAM(ID_TEAM, TEAM_KEY) VALUES(	2,	34759932);
INSERT INTO TEAM(ID_TEAM, TEAM_KEY) VALUES(	3,	78276253);
INSERT INTO TEAM(ID_TEAM, TEAM_KEY) VALUES(	4,	68921900);
INSERT INTO TEAM(ID_TEAM, TEAM_KEY) VALUES(	5,	27984855);
INSERT INTO TEAM(ID_TEAM, TEAM_KEY) VALUES(	6,	63448185);
INSERT INTO TEAM(ID_TEAM, TEAM_KEY) VALUES(	7,	62842373);
INSERT INTO TEAM(ID_TEAM, TEAM_KEY) VALUES(	8,	65567843);
INSERT INTO TEAM(ID_TEAM, TEAM_KEY) VALUES(	9,	47584092);
INSERT INTO TEAM(ID_TEAM, TEAM_KEY) VALUES(	10,	78396955);
INSERT INTO TEAM(ID_TEAM, TEAM_KEY) VALUES(	11,	76264220);
INSERT INTO TEAM(ID_TEAM, TEAM_KEY) VALUES(	12,	44974030);
INSERT INTO TEAM(ID_TEAM, TEAM_KEY) VALUES(	13,	75174565);
INSERT INTO TEAM(ID_TEAM, TEAM_KEY) VALUES(	14,	28873478);
INSERT INTO TEAM(ID_TEAM, TEAM_KEY) VALUES(	15,	23844973);


INSERT INTO OCCUPATION(ID_occupation,occupation,ID_team) VALUES (1,'Programmer',1);
INSERT INTO OCCUPATION(ID_occupation,occupation,ID_team) VALUES (2,'Designer',1);
INSERT INTO OCCUPATION(ID_occupation,occupation,ID_team) VALUES (3,'Architect',1);
INSERT INTO OCCUPATION(ID_occupation,occupation,ID_team) VALUES (4,'Musician',1);
INSERT INTO OCCUPATION(ID_occupation,occupation,ID_team) VALUES (5,'Actor',1);
INSERT INTO OCCUPATION(ID_occupation,occupation,ID_team) VALUES (6,'Translator',1);
INSERT INTO OCCUPATION(ID_occupation,occupation,ID_team) VALUES (7,'Illustrator',1);
INSERT INTO OCCUPATION(ID_occupation,occupation,ID_team) VALUES (8,'Programmer',2);
INSERT INTO OCCUPATION(ID_occupation,occupation,ID_team) VALUES (9,'Designer',2);
INSERT INTO OCCUPATION(ID_occupation,occupation,ID_team) VALUES (10,'Architect',2);
INSERT INTO OCCUPATION(ID_occupation,occupation,ID_team) VALUES (11,'Musician',2);
INSERT INTO OCCUPATION(ID_occupation,occupation,ID_team) VALUES (12,'Actor',2);
INSERT INTO OCCUPATION(ID_occupation,occupation,ID_team) VALUES (13,'Translator',2);
INSERT INTO OCCUPATION(ID_occupation,occupation,ID_team) VALUES (14,'Illustrator',2);
INSERT INTO OCCUPATION(ID_occupation,occupation,ID_team) VALUES (15,'Programmer',3);
INSERT INTO OCCUPATION(ID_occupation,occupation,ID_team) VALUES (16,'Designer',3);
INSERT INTO OCCUPATION(ID_occupation,occupation,ID_team) VALUES (17,'Architect',3);
INSERT INTO OCCUPATION(ID_occupation,occupation,ID_team) VALUES (18,'Musician',3);
INSERT INTO OCCUPATION(ID_occupation,occupation,ID_team) VALUES (19,'Actor',3);
INSERT INTO OCCUPATION(ID_occupation,occupation,ID_team) VALUES (20,'Translator',3);
INSERT INTO OCCUPATION(ID_occupation,occupation,ID_team) VALUES (21,'Illustrator',3);
INSERT INTO OCCUPATION(ID_occupation,occupation,ID_team) VALUES (22,'Programmer',4);
INSERT INTO OCCUPATION(ID_occupation,occupation,ID_team) VALUES (23,'Designer',4);
INSERT INTO OCCUPATION(ID_occupation,occupation,ID_team) VALUES (24,'Architect',4);
INSERT INTO OCCUPATION(ID_occupation,occupation,ID_team) VALUES (25,'Musician',4);
INSERT INTO OCCUPATION(ID_occupation,occupation,ID_team) VALUES (26,'Actor',4);
INSERT INTO OCCUPATION(ID_occupation,occupation,ID_team) VALUES (27,'Translator',4);
INSERT INTO OCCUPATION(ID_occupation,occupation,ID_team) VALUES (28,'Illustrator',4);
INSERT INTO OCCUPATION(ID_occupation,occupation,ID_team) VALUES (29,'Programmer',5);
INSERT INTO OCCUPATION(ID_occupation,occupation,ID_team) VALUES (30,'Designer',5);
INSERT INTO OCCUPATION(ID_occupation,occupation,ID_team) VALUES (31,'Architect',5);
INSERT INTO OCCUPATION(ID_occupation,occupation,ID_team) VALUES (32,'Musician',5);
INSERT INTO OCCUPATION(ID_occupation,occupation,ID_team) VALUES (33,'Actor',5);
INSERT INTO OCCUPATION(ID_occupation,occupation,ID_team) VALUES (34,'Translator',5);
INSERT INTO OCCUPATION(ID_occupation,occupation,ID_team) VALUES (35,'Illustrator',5);
INSERT INTO OCCUPATION(ID_occupation,occupation,ID_team) VALUES (36,'Programmer',6);
INSERT INTO OCCUPATION(ID_occupation,occupation,ID_team) VALUES (37,'Designer',6);
INSERT INTO OCCUPATION(ID_occupation,occupation,ID_team) VALUES (38,'Architect',6);
INSERT INTO OCCUPATION(ID_occupation,occupation,ID_team) VALUES (39,'Musician',6);
INSERT INTO OCCUPATION(ID_occupation,occupation,ID_team) VALUES (40,'Actor',6);
INSERT INTO OCCUPATION(ID_occupation,occupation,ID_team) VALUES (41,'Translator',6);
INSERT INTO OCCUPATION(ID_occupation,occupation,ID_team) VALUES (42,'Illustrator',6);
INSERT INTO OCCUPATION(ID_occupation,occupation,ID_team) VALUES (43,'Programmer',7);
INSERT INTO OCCUPATION(ID_occupation,occupation,ID_team) VALUES (44,'Designer',7);
INSERT INTO OCCUPATION(ID_occupation,occupation,ID_team) VALUES (45,'Architect',7);
INSERT INTO OCCUPATION(ID_occupation,occupation,ID_team) VALUES (46,'Musician',7);
INSERT INTO OCCUPATION(ID_occupation,occupation,ID_team) VALUES (47,'Actor',7);
INSERT INTO OCCUPATION(ID_occupation,occupation,ID_team) VALUES (48,'Translator',7);
INSERT INTO OCCUPATION(ID_occupation,occupation,ID_team) VALUES (49,'Illustrator',7);
INSERT INTO OCCUPATION(ID_occupation,occupation,ID_team) VALUES (50,'Programmer',8);
INSERT INTO OCCUPATION(ID_occupation,occupation,ID_team) VALUES (51,'Designer',8);
INSERT INTO OCCUPATION(ID_occupation,occupation,ID_team) VALUES (52,'Architect',8);
INSERT INTO OCCUPATION(ID_occupation,occupation,ID_team) VALUES (53,'Musician',8);
INSERT INTO OCCUPATION(ID_occupation,occupation,ID_team) VALUES (54,'Actor',8);
INSERT INTO OCCUPATION(ID_occupation,occupation,ID_team) VALUES (55,'Translator',8);
INSERT INTO OCCUPATION(ID_occupation,occupation,ID_team) VALUES (56,'Illustrator',8);
INSERT INTO OCCUPATION(ID_occupation,occupation,ID_team) VALUES (57,'Programmer',9);
INSERT INTO OCCUPATION(ID_occupation,occupation,ID_team) VALUES (58,'Designer',9);
INSERT INTO OCCUPATION(ID_occupation,occupation,ID_team) VALUES (59,'Architect',9);
INSERT INTO OCCUPATION(ID_occupation,occupation,ID_team) VALUES (60,'Musician',9);
INSERT INTO OCCUPATION(ID_occupation,occupation,ID_team) VALUES (61,'Actor',9);
INSERT INTO OCCUPATION(ID_occupation,occupation,ID_team) VALUES (62,'Translator',9);
INSERT INTO OCCUPATION(ID_occupation,occupation,ID_team) VALUES (63,'Illustrator',9);
INSERT INTO OCCUPATION(ID_occupation,occupation,ID_team) VALUES (64,'Programmer',10);
INSERT INTO OCCUPATION(ID_occupation,occupation,ID_team) VALUES (65,'Designer',10);
INSERT INTO OCCUPATION(ID_occupation,occupation,ID_team) VALUES (66,'Architect',10);
INSERT INTO OCCUPATION(ID_occupation,occupation,ID_team) VALUES (67,'Musician',10);
INSERT INTO OCCUPATION(ID_occupation,occupation,ID_team) VALUES (68,'Actor',10);
INSERT INTO OCCUPATION(ID_occupation,occupation,ID_team) VALUES (69,'Translator',10);
INSERT INTO OCCUPATION(ID_occupation,occupation,ID_team) VALUES (70,'Illustrator',10);
INSERT INTO OCCUPATION(ID_occupation,occupation,ID_team) VALUES (71,'Programmer',11);
INSERT INTO OCCUPATION(ID_occupation,occupation,ID_team) VALUES (72,'Designer',11);
INSERT INTO OCCUPATION(ID_occupation,occupation,ID_team) VALUES (73,'Architect',11);
INSERT INTO OCCUPATION(ID_occupation,occupation,ID_team) VALUES (74,'Musician',11);
INSERT INTO OCCUPATION(ID_occupation,occupation,ID_team) VALUES (75,'Actor',11);
INSERT INTO OCCUPATION(ID_occupation,occupation,ID_team) VALUES (76,'Translator',11);
INSERT INTO OCCUPATION(ID_occupation,occupation,ID_team) VALUES (77,'Illustrator',11);
INSERT INTO OCCUPATION(ID_occupation,occupation,ID_team) VALUES (78,'Programmer',12);
INSERT INTO OCCUPATION(ID_occupation,occupation,ID_team) VALUES (79,'Designer',12);
INSERT INTO OCCUPATION(ID_occupation,occupation,ID_team) VALUES (80,'Architect',12);
INSERT INTO OCCUPATION(ID_occupation,occupation,ID_team) VALUES (81,'Musician',12);
INSERT INTO OCCUPATION(ID_occupation,occupation,ID_team) VALUES (82,'Actor',12);
INSERT INTO OCCUPATION(ID_occupation,occupation,ID_team) VALUES (83,'Translator',12);
INSERT INTO OCCUPATION(ID_occupation,occupation,ID_team) VALUES (84,'Illustrator',12);
INSERT INTO OCCUPATION(ID_occupation,occupation,ID_team) VALUES (85,'Programmer',13);
INSERT INTO OCCUPATION(ID_occupation,occupation,ID_team) VALUES (86,'Designer',13);
INSERT INTO OCCUPATION(ID_occupation,occupation,ID_team) VALUES (87,'Architect',13);
INSERT INTO OCCUPATION(ID_occupation,occupation,ID_team) VALUES (88,'Musician',13);
INSERT INTO OCCUPATION(ID_occupation,occupation,ID_team) VALUES (89,'Actor',13);
INSERT INTO OCCUPATION(ID_occupation,occupation,ID_team) VALUES (90,'Translator',13);
INSERT INTO OCCUPATION(ID_occupation,occupation,ID_team) VALUES (91,'Illustrator',13);
INSERT INTO OCCUPATION(ID_occupation,occupation,ID_team) VALUES (92,'Programmer',14);
INSERT INTO OCCUPATION(ID_occupation,occupation,ID_team) VALUES (93,'Designer',14);
INSERT INTO OCCUPATION(ID_occupation,occupation,ID_team) VALUES (94,'Architect',14);
INSERT INTO OCCUPATION(ID_occupation,occupation,ID_team) VALUES (95,'Musician',14);
INSERT INTO OCCUPATION(ID_occupation,occupation,ID_team) VALUES (96,'Actor',14);
INSERT INTO OCCUPATION(ID_occupation,occupation,ID_team) VALUES (97,'Translator',14);
INSERT INTO OCCUPATION(ID_occupation,occupation,ID_team) VALUES (98,'Illustrator',14);
INSERT INTO OCCUPATION(ID_occupation,occupation,ID_team) VALUES (99,'Programmer',15);
INSERT INTO OCCUPATION(ID_occupation,occupation,ID_team) VALUES (100,'Designer',15);
INSERT INTO OCCUPATION(ID_occupation,occupation,ID_team) VALUES (101,'Architect',15);
INSERT INTO OCCUPATION(ID_occupation,occupation,ID_team) VALUES (102,'Musician',15);
INSERT INTO OCCUPATION(ID_occupation,occupation,ID_team) VALUES (103,'Actor',15);
INSERT INTO OCCUPATION(ID_occupation,occupation,ID_team) VALUES (104,'Translator',15);
INSERT INTO OCCUPATION(ID_occupation,occupation,ID_team) VALUES (105,'Illustrator',15);





	
	